RowId__c,Name,Website
1,Gleichner and Sons,http://hexun.com/blandit/non/interdum/in.jpg
2,Streich and Sons,http://hatena.ne.jp/et/ultrices/posuere/cubilia/curae/duis.aspx
3,"Mueller, Metz and Mueller",http://dedecms.com/ac/est.jsp
4,D'Amore-Murphy,https://sphinn.com/nulla/eget/eros/elementum.html
5,Kerluke-Keeling,https://imdb.com/diam/neque/vestibulum/eget/vulputate/ut.jpg
6,Hettinger-Hessel,https://plala.or.jp/lobortis/vel/dapibus/at/diam.png
7,Fadel-Fay,http://fastcompany.com/sit/amet.xml
8,Okuneva LLC,http://ameblo.jp/consequat/lectus.aspx
9,Kihn-Beahan,http://economist.com/elementum/nullam.jsp
10,Farrell Inc,https://canalblog.com/sit.png
11,"Powlowski, Moore and Cronin",https://jimdo.com/tincidunt/nulla/mollis.js
12,Keebler-Rippin,https://prlog.org/sociis/natoque/penatibus/et/magnis.png
13,"Hayes, Davis and Fritsch",https://stanford.edu/adipiscing.png
14,Bruen-Considine,https://technorati.com/platea.xml
15,Monahan Group,http://narod.ru/in/ante/vestibulum.jsp
16,"Hayes, Bernhard and Bahringer",http://phpbb.com/dolor/sit/amet/consectetuer/adipiscing/elit/proin.aspx
17,Hessel-Raynor,https://wiley.com/ligula/sit.aspx
18,Stoltenberg-Bernier,http://bluehost.com/ligula.aspx
19,Frami-Moore,http://businessweek.com/nunc/nisl/duis/bibendum/felis.aspx
20,Ledner Inc,https://chron.com/id.xml
21,Kuphal LLC,http://dailymotion.com/proin/at/turpis.png
22,Mann Group,http://biglobe.ne.jp/etiam/faucibus/cursus/urna/ut/tellus.png
23,"Ortiz, Collins and Pacocha",https://furl.net/habitasse/platea/dictumst/maecenas/ut/massa.json
24,Cruickshank Inc,http://wordpress.com/vitae/ipsum/aliquam/non/mauris.json
25,Feeney Inc,https://sciencedaily.com/varius/ut/blandit/non/interdum.json
26,"Nitzsche, O'Reilly and Hahn",http://mapquest.com/sapien/cursus/vestibulum.xml
27,"Purdy, Larkin and Hammes",https://domainmarket.com/quam.json
28,"Kuhn, Bahringer and Balistreri",https://time.com/eros/viverra/eget/congue/eget/semper/rutrum.json
29,Rice Group,https://ed.gov/lacus/curabitur/at/ipsum/ac/tellus.jpg
30,Buckridge LLC,http://rakuten.co.jp/dictumst/aliquam/augue/quam/sollicitudin.js
31,Davis Group,https://xing.com/sapien/urna/pretium/nisl/ut.aspx
32,"Koepp, Koss and Heaney",http://dailymail.co.uk/vel/lectus/in/quam/fringilla/rhoncus.xml
33,Trantow and Sons,http://live.com/interdum.json
34,"Littel, Schulist and Gutmann",http://latimes.com/donec/semper/sapien.jpg
35,"Shanahan, Bailey and Goldner",https://themeforest.net/donec/dapibus/duis/at.png
36,Mohr-Gaylord,http://hc360.com/mauris/lacinia/sapien.html
37,Krajcik-Watsica,https://chicagotribune.com/venenatis/non.jsp
38,"Runte, Schmidt and Hilll",https://slate.com/nulla.html
39,Sporer-Balistreri,https://bbb.org/in/quis/justo/maecenas/rhoncus.json
40,Erdman and Sons,http://columbia.edu/donec/semper/sapien/a/libero/nam.xml
41,Luettgen Group,http://flavors.me/turpis/donec/posuere/metus/vitae/ipsum.png
42,Weissnat-Schamberger,http://oaic.gov.au/leo/maecenas/pulvinar/lobortis/est.json
43,Jacobi and Sons,https://wired.com/nec.html
44,Beatty and Sons,https://latimes.com/amet.html
45,Stamm Group,https://live.com/ac/consequat/metus.xml
46,Muller-Walter,https://baidu.com/libero/quis/orci/nullam.jsp
47,"Williamson, Hills and Hartmann",http://house.gov/amet/cursus/id.xml
48,"Cronin, Buckridge and Bode",http://umich.edu/ante/ipsum/primis/in/faucibus.jpg
49,Champlin-Schmitt,https://i2i.jp/nulla/ut/erat/id.js
50,"Hackett, Labadie and Stark",https://sbwire.com/in/sagittis/dui/vel/nisl/duis.json
51,Cassin and Sons,http://godaddy.com/nam.js
52,Osinski-Prosacco,https://statcounter.com/et/ultrices/posuere.png
53,"Blanda, Kshlerin and Schimmel",http://pen.io/amet.xml
54,Weber Group,https://dropbox.com/ligula/vehicula/consequat/morbi/a/ipsum/integer.aspx
55,"Schultz, Veum and Steuber",https://unblog.fr/eget.aspx
56,Leannon-Lind,https://studiopress.com/laoreet/ut/rhoncus/aliquet/pulvinar.html
57,"Frami, Bernier and McGlynn",https://tmall.com/velit/vivamus/vel/nulla/eget.jpg
58,"Kutch, Tremblay and Hodkiewicz",https://ask.com/donec/pharetra/magna/vestibulum/aliquet/ultrices.jsp
59,Beier-Lowe,https://cnbc.com/lacus/purus/aliquet/at/feugiat/non.js
60,Reinger LLC,https://netlog.com/venenatis.json
61,Howell-Schroeder,http://1und1.de/ipsum/integer/a.jsp
62,Zulauf-Skiles,https://cocolog-nifty.com/pede.aspx
63,Orn-Runolfsson,http://shareasale.com/ut.json
64,Barrows-Cremin,https://si.edu/donec/ut/mauris/eget/massa.js
65,Zemlak LLC,https://quantcast.com/orci/nullam.jsp
66,Hessel Group,http://fda.gov/ornare.png
67,Goyette Group,https://timesonline.co.uk/non.json
68,Raynor Inc,https://chron.com/natoque/penatibus/et.jsp
69,Senger-Lynch,https://netlog.com/orci/vehicula/condimentum/curabitur.aspx
70,Berge Group,https://flavors.me/odio/elementum/eu.html
71,"Schimmel, O'Kon and Watsica",https://lycos.com/orci/luctus/et.aspx
72,"Reynolds, Berge and Kovacek",http://a8.net/faucibus/cursus/urna.js
73,Dicki-Robel,http://bbb.org/rutrum/rutrum/neque.xml
74,Nitzsche-Franecki,http://list-manage.com/morbi/a.aspx
75,Windler-Bogan,http://bigcartel.com/diam/erat/fermentum/justo/nec/condimentum.jpg
76,Greenfelder-Runolfsdottir,https://gnu.org/sapien/in/sapien/iaculis/congue/vivamus.png
77,Kilback LLC,https://redcross.org/in/lectus/pellentesque/at/nulla.jpg
78,Heller-Romaguera,http://mlb.com/dui/vel/sem/sed/sagittis.aspx
79,Cormier LLC,http://virginia.edu/nunc/donec/quis/orci/eget.html
80,Labadie-Wilkinson,http://imdb.com/dapibus/dolor/vel/est/donec/odio.js
81,Schowalter and Sons,http://de.vu/lectus/vestibulum/quam/sapien/varius.json
82,Mraz-Purdy,https://smugmug.com/potenti/nullam/porttitor/lacus.png
83,"Prohaska, Stokes and Gerlach",http://cisco.com/in/faucibus/orci/luctus/et.html
84,Cruickshank-Cole,http://canalblog.com/augue/quam/sollicitudin/vitae/consectetuer/eget/rutrum.jpg
85,Ritchie and Sons,http://jigsy.com/risus/dapibus.jsp
86,Orn-D'Amore,https://google.ru/risus/semper/porta/volutpat/quam/pede/lobortis.xml
87,Muller-Hermann,https://so-net.ne.jp/rhoncus/aliquam/lacus/morbi/quis/tortor.xml
88,"Rohan, Runte and Koelpin",http://bloomberg.com/placerat/praesent/blandit/nam/nulla.jpg
89,"Hegmann, Langworth and Simonis",https://cnet.com/curabitur/at.html
90,"Runte, Romaguera and Rodriguez",https://baidu.com/sapien/cum/sociis/natoque.jsp
91,Effertz-Stehr,https://squidoo.com/nullam/porttitor/lacus/at.html
92,Ullrich Inc,http://ifeng.com/orci/vehicula/condimentum/curabitur/in.json
93,Legros and Sons,http://tinyurl.com/parturient/montes/nascetur/ridiculus/mus/etiam/vel.json
94,"Corkery, Herman and Walker",http://who.int/dictumst/maecenas/ut/massa/quis.html
95,Schamberger-Adams,http://oracle.com/semper/est/quam/pharetra.jpg
96,Gerhold Group,http://google.ca/sed/interdum/venenatis/turpis/enim.xml
97,Hilll Group,http://fc2.com/eget/congue/eget/semper/rutrum/nulla/nunc.jpg
98,Adams-Frami,http://virginia.edu/maecenas/tristique/est/et/tempus/semper/est.js
99,Denesik Inc,http://wikimedia.org/mauris/enim/leo/rhoncus/sed/vestibulum/sit.png
100,Hackett Group,http://cam.ac.uk/pede/justo/eu/massa/donec/dapibus.json
